Job ID,Index,Sequence,Probability,Prediction Result
jobID,sequence_1,TTGCAAAAGTTGCACAAGGTTAAGAAGGCTTCTGGTGAAAT,0.9505,DPred positive (modified) site
jobID,sequence_2,ATGAAAACTTCAGATTGGTCTACGATGTCAAGGGTAGATTC,0.766,DPred positive (modified) site
jobID,sequence_3,TTATAACAAGAAATCCACTATTTCTGCTAGAGAAATCCAAA,0.0177,DPred negative (non-modified) site
jobID,sequence_4,AAGATCTACGAAGTTGAAGGTATGAGATGGGCTGGTAACGC,0.7555,DPred positive (modified) site
jobID,sequence_5,TCAGCCGAGTATGGTCAATTTACTACTTGTTTTGTCGTGAG,0.9889,DPred positive (modified) site
jobID,sequence_6,GATTTTGGTGTCTTGATTGATATTGAGGAAACTTTTGATGA,0.8507,DPred positive (modified) site
jobID,sequence_7,CAATCTTCCCACATCAGAGCTATCAGAAAAGTTATTTCTGA,0.8983,DPred positive (modified) site
jobID,sequence_8,AGTCTCGTTACTGGTATTTCTTGCAAAAGTTGCACAAGGTT,0.1384,DPred negative (non-modified) site
jobID,sequence_9,GAGGGCCTCGTAGGAATGTGTAAGCCTACTAAGTCGTGGGT,0.9948,DPred positive (modified) site
jobID,sequence_10,ATCTTACAACCCGTACTTGTTAGTACAAGTGCAATTACCTT,0.7465,DPred positive (modified) site
jobID,sequence_11,CTCAACTCTCTGAAGAGGCGTTTGACGAATTGAGCGACAAG,0.0006,DPred negative (non-modified) site
jobID,sequence_12,AGATTGGCCAAAAAGGTTGCTCGTCGTAACGCTGATTAAAT,0.0001,DPred negative (non-modified) site
jobID,sequence_13,CGTGACAATTCTTTAATGCCTGCGAGGGTGGAGATATGTTG,0.3314,DPred negative (non-modified) site
jobID,sequence_14,GGTCAAGCTGCTTTGAGAGCTTTGGCCAGATCTGGTTTGAG,0.0007,DPred negative (non-modified) site
jobID,sequence_15,TACCACTGAAGTCAAGTCCGTTGAAATGCATCACGAACAAT,0.0072,DPred negative (non-modified) site
jobID,sequence_16,TGACGCTGCTTTGGTCAAGTTCGTTCCATCTAAGCCAATGT,0.0004,DPred negative (non-modified) site
jobID,sequence_17,TGTTCCAGAACCAAAGTTGTTCAGAATGAGAATCTTTGCTT,0.9659,DPred positive (modified) site
jobID,sequence_18,AGAAGGAAAAGCCAAGATCTTAAATGGGTAAAGGTAAGCCA,0.9352,DPred positive (modified) site
jobID,sequence_19,CTTATTGAAGGGAAGCTTTATGTGGACGCTGTCCACTCTAT,0.0002,DPred negative (non-modified) site
jobID,sequence_20,GATGCTTTAAGTAAAAAGATTTAAATGAGAGCAGTCACTAG,0.018,DPred negative (non-modified) site
jobID,sequence_21,GGTTCAAAGAAAACATTTGATTAAATGGCTAAGACTACTAA,0.9934,DPred positive (modified) site
jobID,sequence_22,TTCGAAAAATTGTTGAGCACTATGCAAGAAAGATTTGCTGA,0.5448,DPred positive (modified) site
jobID,sequence_23,AAAGAACCGTAACATTGACGTTTCTAACTTGCCATCTTTGG,0.001,DPred negative (non-modified) site
jobID,sequence_24,TACAAAATTCAGAATTTCTTTAGGTTTACCAGTTGGTGCTA,0.955,DPred positive (modified) site
jobID,sequence_25,GTCAACCAAACCTATTGTTGTCCGCTTCCCGTGATAAGACT,0.0024,DPred negative (non-modified) site
jobID,sequence_26,TCGCCTTGGAAAAGGGTATTTCTTTGAAGGATGTTCACGGC,0.0046,DPred negative (non-modified) site
jobID,sequence_27,AAGAGAGCTGAAAAGGCTGCTAGAAAGGCTGAAAAGGCTAA,0.5159,DPred positive (modified) site
jobID,sequence_28,CTACCACATGTTGGGGCAAATACGCTCATCAATCCTTCGGT,0.8468,DPred positive (modified) site
jobID,sequence_29,ATTGTCTTTGCAAGACTACTTGAACCAACAAGCTAACAACC,0.4884,DPred negative (non-modified) site
jobID,sequence_30,CTAAGAGATAACATTCAAGGTATCACTAAGCCAGCTATCAG,0.6894,DPred positive (modified) site
jobID,sequence_31,GGAAGTCAGGGGTTCTAAGATTAGAGTTATGTGGGGTAAGG,0.9797,DPred positive (modified) site
jobID,sequence_32,TGTTTTCATCTATATCTTCTTTCTCTGCTCTATCTGTGTTA,0.1944,DPred negative (non-modified) site
jobID,sequence_33,TTTAATTTGGGATTGTTCAATACTGGTAAATTGCTTTCCAA,0.017,DPred negative (non-modified) site
jobID,sequence_34,AAAGAAGCATCTAAAAAGATTAGCAGCTCCACACCACTGGT,0.9009,DPred positive (modified) site
jobID,sequence_35,GCGGATAGATTGCAACAAGGTATGAGAGGTGCTTGGGGTAA,0.9528,DPred positive (modified) site
jobID,sequence_36,TTCCAATTAACTTGCACCCATCCAAGCTTGTTATCACTAAG,0.4672,DPred negative (non-modified) site
